Job Description,Company,Address,Status,Date Posted,Job Link
"VP, Global Creative",Paula's Choice Skincare,"Seattle, WA",Be an early applicant,N/A,https://www.linkedin.com/jobs/view/vp-global-creative-at-paula-s-choice-skincare-4039217559?position=1&pageNum=0&refId=mI98AQdfRUylra%2FVYt2Tqw%3D%3D&trackingId=s8hZ8y8x8MAnv8v0rBFNXw%3D%3D
Brand Coordinator,Astral Health & Beauty,"Atlanta, GA",Be an early applicant +6 benefits,N/A,https://www.linkedin.com/jobs/view/brand-coordinator-at-astral-health-beauty-4038996623?position=2&pageNum=0&refId=mI98AQdfRUylra%2FVYt2Tqw%3D%3D&trackingId=TcEz8fkJOM7iyb6Vu5NLXw%3D%3D
Social Media Associate,SBH Fashion,"New York, NY",Be an early applicant,N/A,https://www.linkedin.com/jobs/view/social-media-associate-at-sbh-fashion-4039210586?position=3&pageNum=0&refId=mI98AQdfRUylra%2FVYt2Tqw%3D%3D&trackingId=uFLwe9wMGh13diDyvlDIMw%3D%3D
Content Creator,SBH Fashion,"New York, NY",Be an early applicant,N/A,https://www.linkedin.com/jobs/view/content-creator-at-sbh-fashion-4039210538?position=4&pageNum=0&refId=mI98AQdfRUylra%2FVYt2Tqw%3D%3D&trackingId=DlrIR76TKorpCCfZGnXG5A%3D%3D
"Analyst, Power, Energy & Infrastructure Investment Banking",Cantor Fitzgerald,"New York, NY",Actively Hiring,N/A,https://www.linkedin.com/jobs/view/analyst-power-energy-infrastructure-investment-banking-at-cantor-fitzgerald-4039202376?position=5&pageNum=0&refId=mI98AQdfRUylra%2FVYt2Tqw%3D%3D&trackingId=Y0j%2BZ5xYQNv%2BPtk69pW%2F0A%3D%3D
Podcast Producer,"143 Studios, LLC","Boston, MA",Be an early applicant,N/A,https://www.linkedin.com/jobs/view/podcast-producer-at-143-studios-llc-4039222453?position=6&pageNum=0&refId=mI98AQdfRUylra%2FVYt2Tqw%3D%3D&trackingId=w15CYLGodmhfURckR1UJ%2Fg%3D%3D
Clinical Trial Associate,Deciphera Pharmaceuticals,"Waltham, MA",Be an early applicant,N/A,https://www.linkedin.com/jobs/view/clinical-trial-associate-at-deciphera-pharmaceuticals-4039213784?position=7&pageNum=0&refId=mI98AQdfRUylra%2FVYt2Tqw%3D%3D&trackingId=MGB3%2F1WKCh4lkE3dVr95yg%3D%3D
Associate Graphic Designer,Niche,United States,N/A,N/A,https://www.linkedin.com/jobs/view/associate-graphic-designer-at-niche-4039210782?position=8&pageNum=0&refId=mI98AQdfRUylra%2FVYt2Tqw%3D%3D&trackingId=7xE7qMRQZ2G3rlKAKhEYxQ%3D%3D
Senior Product Manager,Finalsite,United States,Be an early applicant,N/A,https://www.linkedin.com/jobs/view/senior-product-manager-at-finalsite-4038995978?position=9&pageNum=0&refId=mI98AQdfRUylra%2FVYt2Tqw%3D%3D&trackingId=NatCUZ%2FhhlzlWnwueg2cgw%3D%3D
Chief Customer Officer,Stealth Startup,United States,Actively Hiring,N/A,https://www.linkedin.com/jobs/view/chief-customer-officer-at-stealth-startup-4039214367?position=10&pageNum=0&refId=mI98AQdfRUylra%2FVYt2Tqw%3D%3D&trackingId=Kfz4224KSr%2FuNwyqiHh%2Fnw%3D%3D
Chief of Staff,SBH Fashion,"New York, NY",Be an early applicant,N/A,https://www.linkedin.com/jobs/view/chief-of-staff-at-sbh-fashion-4039218135?position=11&pageNum=0&refId=mI98AQdfRUylra%2FVYt2Tqw%3D%3D&trackingId=nHCSDqDWxU%2BorAY2KGgVjA%3D%3D
Graphic & Motion Designer,New York City FC,"New York, NY",Be an early applicant +9 benefits,N/A,https://www.linkedin.com/jobs/view/graphic-motion-designer-at-new-york-city-fc-4039226000?position=12&pageNum=0&refId=mI98AQdfRUylra%2FVYt2Tqw%3D%3D&trackingId=oHgRSLWMSD8SvkkIk8e8pQ%3D%3D
Data Annotator,eJAmerica,United States,Be an early applicant,N/A,https://www.linkedin.com/jobs/view/data-annotator-at-ejamerica-4039217714?position=13&pageNum=0&refId=mI98AQdfRUylra%2FVYt2Tqw%3D%3D&trackingId=rv%2Bjt6AAvi1w4e9B4Knr%2BA%3D%3D
Marketing Assistant,NYC Alliance,"New York, NY",N/A,N/A,https://www.linkedin.com/jobs/view/marketing-assistant-at-nyc-alliance-4039214938?position=14&pageNum=0&refId=mI98AQdfRUylra%2FVYt2Tqw%3D%3D&trackingId=ukup5CUUjaEKW8Q6tKD4KQ%3D%3D
"Regional Visual Merchandising Manager, West Coast",Lacoste,"Los Angeles, CA",Be an early applicant +7 benefits,N/A,https://www.linkedin.com/jobs/view/regional-visual-merchandising-manager-west-coast-at-lacoste-4039218990?position=15&pageNum=0&refId=mI98AQdfRUylra%2FVYt2Tqw%3D%3D&trackingId=X8M8X3eqpQHiJsQOBWDTSw%3D%3D
Quantitative Risk Analyst,Goldman Lloyds,"New York, United States",Be an early applicant,N/A,https://www.linkedin.com/jobs/view/quantitative-risk-analyst-at-goldman-lloyds-4039216455?position=16&pageNum=0&refId=mI98AQdfRUylra%2FVYt2Tqw%3D%3D&trackingId=Yn7JuEPrutI4rDEgvoQZRA%3D%3D
Private Equity Associate,Augment Jobs,United States,Be an early applicant,N/A,https://www.linkedin.com/jobs/view/private-equity-associate-at-augment-jobs-4039214249?position=17&pageNum=0&refId=mI98AQdfRUylra%2FVYt2Tqw%3D%3D&trackingId=jhP%2BQk%2BbntaxjLSJeSBWaw%3D%3D
Administrative Assistant,Phyton Talent Advisors,"New York, NY",Be an early applicant,N/A,https://www.linkedin.com/jobs/view/administrative-assistant-at-phyton-talent-advisors-4039220288?position=18&pageNum=0&refId=mI98AQdfRUylra%2FVYt2Tqw%3D%3D&trackingId=uZhdY8e%2B4LKYzQb9CAHMdQ%3D%3D
Director of Innovation,Icelandic Provisions,"New York, NY",Be an early applicant,N/A,https://www.linkedin.com/jobs/view/director-of-innovation-at-icelandic-provisions-4039210832?position=19&pageNum=0&refId=mI98AQdfRUylra%2FVYt2Tqw%3D%3D&trackingId=lwtWWFD6xjxZ25bwXLERbg%3D%3D
Brand Marketing Manager,Beauty by Imagination (BBI),"New York, NY",Be an early applicant +8 benefits,N/A,https://www.linkedin.com/jobs/view/brand-marketing-manager-at-beauty-by-imagination-bbi-4039203794?position=20&pageNum=0&refId=mI98AQdfRUylra%2FVYt2Tqw%3D%3D&trackingId=lQUma2DsbpqwIWi5N0%2F7Tg%3D%3D
Customer Support Analyst,iSpot.tv,United States,N/A,N/A,https://www.linkedin.com/jobs/view/customer-support-analyst-at-ispot-tv-4039215103?position=21&pageNum=0&refId=mI98AQdfRUylra%2FVYt2Tqw%3D%3D&trackingId=x2P%2BqvrEl%2F9VG5qmvpDBIw%3D%3D
Remote Human Resources and Talent Acquisition Coordinator,GatedTalent - Connecting Top Executive Search Firms And Executives,"New York, United States",N/A,N/A,https://www.linkedin.com/jobs/view/remote-human-resources-and-talent-acquisition-coordinator-at-gatedtalent-connecting-top-executive-search-firms-and-executives-4039200790?position=22&pageNum=0&refId=mI98AQdfRUylra%2FVYt2Tqw%3D%3D&trackingId=cZP6zq%2F5ndcpVP0QCmqitg%3D%3D
Remote Career Coach for In-School Youth | WFH,Get It Recruit - Educational Services,"Glen Burnie, MD",Be an early applicant,N/A,https://www.linkedin.com/jobs/view/remote-career-coach-for-in-school-youth-wfh-at-get-it-recruit-educational-services-4038997231?position=23&pageNum=0&refId=mI98AQdfRUylra%2FVYt2Tqw%3D%3D&trackingId=DcoVHMgS7njjqlyhof%2B4UQ%3D%3D
Healthcare Mental/ Behavior Customer Service,Cigna Healthcare,United States,Be an early applicant,N/A,https://www.linkedin.com/jobs/view/healthcare-mental-behavior-customer-service-at-cigna-healthcare-4039218560?position=24&pageNum=0&refId=mI98AQdfRUylra%2FVYt2Tqw%3D%3D&trackingId=MPpC1PuoaoNffdhSEhC5fw%3D%3D
Executive Assistant,Motion Recruitment,"New York, NY",Be an early applicant +5 benefits,N/A,https://www.linkedin.com/jobs/view/executive-assistant-at-motion-recruitment-4039221931?position=25&pageNum=0&refId=mI98AQdfRUylra%2FVYt2Tqw%3D%3D&trackingId=80MPt4v7uZM%2BgvfAxlAa%2BQ%3D%3D
Remote Assistant - Administrative,Get.It Recruit - Administrative,"Adrian, TX",Be an early applicant,N/A,https://www.linkedin.com/jobs/view/remote-assistant-administrative-at-get-it-recruit-administrative-4038996256?position=26&pageNum=0&refId=mI98AQdfRUylra%2FVYt2Tqw%3D%3D&trackingId=kgkTOOkqWjZ%2BBOEp18yuLQ%3D%3D
Technical Support Specialist,"Anveta, Inc","Atlanta, GA",Be an early applicant,N/A,https://www.linkedin.com/jobs/view/technical-support-specialist-at-anveta-inc-4039215589?position=27&pageNum=0&refId=mI98AQdfRUylra%2FVYt2Tqw%3D%3D&trackingId=pY%2BXbVbpZ5mYP6pSQejKVw%3D%3D
Director of Plant Operations,Georgetown Behavioral Health Institute,"Georgetown, TX",Be an early applicant,3 weeks ago,https://www.linkedin.com/jobs/view/director-of-plant-operations-at-georgetown-behavioral-health-institute-4039210863?position=28&pageNum=0&refId=mI98AQdfRUylra%2FVYt2Tqw%3D%3D&trackingId=So5NYQkaeFEATIsp7O23fw%3D%3D
Community Manager,Stealth Startup,United States,Actively Hiring,N/A,https://www.linkedin.com/jobs/view/community-manager-at-stealth-startup-4039211811?position=29&pageNum=0&refId=mI98AQdfRUylra%2FVYt2Tqw%3D%3D&trackingId=GwXbySa%2B%2FlhTfeS2tPUZdg%3D%3D
Chief Strategy Officer,Augment Jobs,United States,Be an early applicant,N/A,https://www.linkedin.com/jobs/view/chief-strategy-officer-at-augment-jobs-4039209860?position=30&pageNum=0&refId=mI98AQdfRUylra%2FVYt2Tqw%3D%3D&trackingId=thCPZqJgJ6dFEiCaeHPbtA%3D%3D
Remote Virtual Assistant for Yoga Studio,Get.It Recruit - Administrative,"Rancho Cucamonga, CA",Be an early applicant,N/A,https://www.linkedin.com/jobs/view/remote-virtual-assistant-for-yoga-studio-at-get-it-recruit-administrative-4038995730?position=31&pageNum=0&refId=mI98AQdfRUylra%2FVYt2Tqw%3D%3D&trackingId=jQXN9oQ47inpHr0KzzFpIQ%3D%3D
Remote Customer Service Chat Representative,Get.It Recruit - Administrative,"San Diego, CA",Be an early applicant,N/A,https://www.linkedin.com/jobs/view/remote-customer-service-chat-representative-at-get-it-recruit-administrative-4038995698?position=32&pageNum=0&refId=mI98AQdfRUylra%2FVYt2Tqw%3D%3D&trackingId=iqEX8Z1Lh%2B6YRq%2FYY0SlDg%3D%3D
"Research Consultant, APAC",Carrot Fertility,United States,Be an early applicant,N/A,https://www.linkedin.com/jobs/view/research-consultant-apac-at-carrot-fertility-4039214855?position=33&pageNum=0&refId=mI98AQdfRUylra%2FVYt2Tqw%3D%3D&trackingId=0qTrQ11DupDfQptZJoGd6Q%3D%3D
Case Manager (Pharma Background),Trispoke Managed Services Pvt. Ltd.,United States,Be an early applicant,N/A,https://www.linkedin.com/jobs/view/case-manager-pharma-background-at-trispoke-managed-services-pvt-ltd-4039222261?position=34&pageNum=0&refId=mI98AQdfRUylra%2FVYt2Tqw%3D%3D&trackingId=YtVGrRxCJv2iTm35wbSmvw%3D%3D
Workforce Planning Analyst - Remote,HOMELAND LLC,United States,Medical insurance +4 benefits,N/A,https://www.linkedin.com/jobs/view/workforce-planning-analyst-remote-at-homeland-llc-4039203873?position=35&pageNum=0&refId=mI98AQdfRUylra%2FVYt2Tqw%3D%3D&trackingId=aJjGbB%2BIDBfJorAXHduyZw%3D%3D
"Research Consultant, LATAM",Carrot Fertility,United States,Be an early applicant,N/A,https://www.linkedin.com/jobs/view/research-consultant-latam-at-carrot-fertility-4039212973?position=36&pageNum=0&refId=mI98AQdfRUylra%2FVYt2Tqw%3D%3D&trackingId=fZjmrQW9CjEIAcrHXs06nA%3D%3D
Executive Assistant to C-Suite - Asset Management,Mission Staffing,New York City Metropolitan Area,Be an early applicant +4 benefits,N/A,https://www.linkedin.com/jobs/view/executive-assistant-to-c-suite-asset-management-at-mission-staffing-4039225061?position=37&pageNum=0&refId=mI98AQdfRUylra%2FVYt2Tqw%3D%3D&trackingId=7D0NpXrTsmp6I1dNPM0pYQ%3D%3D
Copywriter,behindthechair.com,United States,Be an early applicant,N/A,https://www.linkedin.com/jobs/view/copywriter-at-behindthechair-com-4036991421?position=38&pageNum=0&refId=mI98AQdfRUylra%2FVYt2Tqw%3D%3D&trackingId=YRyGK8%2FUw4jL8ZndDgc%2Fig%3D%3D
Global Account Manager,Dscout,United States,Be an early applicant,1 week ago,https://www.linkedin.com/jobs/view/global-account-manager-at-dscout-4039212647?position=39&pageNum=0&refId=mI98AQdfRUylra%2FVYt2Tqw%3D%3D&trackingId=Fo36FfdgPL4ZuTCyLYOv%2Bw%3D%3D
"Senior Associate, PMO",Fortitude Re,United States,Be an early applicant,N/A,https://www.linkedin.com/jobs/view/senior-associate-pmo-at-fortitude-re-4039203051?position=40&pageNum=0&refId=mI98AQdfRUylra%2FVYt2Tqw%3D%3D&trackingId=mUQ2sf67H5YRHlNTrpoMlg%3D%3D
Manager-Assistant,American Express,"Phoenix, AZ",Be an early applicant,N/A,https://www.linkedin.com/jobs/view/manager-assistant-at-american-express-4039222597?position=41&pageNum=0&refId=mI98AQdfRUylra%2FVYt2Tqw%3D%3D&trackingId=1XTZrP8BvEdYv%2BS7W0Q98w%3D%3D
Associate Category Manager,RepRally,New York City Metropolitan Area,Be an early applicant +3 benefits,N/A,https://www.linkedin.com/jobs/view/associate-category-manager-at-reprally-4039211988?position=42&pageNum=0&refId=mI98AQdfRUylra%2FVYt2Tqw%3D%3D&trackingId=hc5CFXJvtxL2Ld%2F4LaOXDQ%3D%3D
Remote Online Record Clerk (Entry-Level),Get.It Recruit - Administrative,"Pompano Beach, FL",Be an early applicant,N/A,https://www.linkedin.com/jobs/view/remote-online-record-clerk-entry-level-at-get-it-recruit-administrative-4038998162?position=43&pageNum=0&refId=mI98AQdfRUylra%2FVYt2Tqw%3D%3D&trackingId=0XTAxuFknLqJztk4J%2B2UlQ%3D%3D
Gerente Comercial Middle - Belem do Par√°,Banco Sofisa S/A,United States,Be an early applicant,N/A,https://www.linkedin.com/jobs/view/gerente-comercial-middle-belem-do-par%C3%A1-at-banco-sofisa-s-a-4039207870?position=44&pageNum=0&refId=mI98AQdfRUylra%2FVYt2Tqw%3D%3D&trackingId=1kK1y7ch%2Bq%2BLktP32iVEyQ%3D%3D
Project Manager,Stealth Startup,United States,Actively Hiring,N/A,https://www.linkedin.com/jobs/view/project-manager-at-stealth-startup-4039216284?position=45&pageNum=0&refId=mI98AQdfRUylra%2FVYt2Tqw%3D%3D&trackingId=fzAI3ZsCMRaicxmxnkj9bg%3D%3D
Assistant Technician,Divert,"Turlock, CA",Be an early applicant,N/A,https://www.linkedin.com/jobs/view/assistant-technician-at-divert-4039210735?position=46&pageNum=0&refId=mI98AQdfRUylra%2FVYt2Tqw%3D%3D&trackingId=15BduFAighQnWBLPShCXsg%3D%3D
"Sr. Manager, Corporate FP&A",NOBLE,"Boston, MA",Be an early applicant,N/A,https://www.linkedin.com/jobs/view/sr-manager-corporate-fp-a-at-noble-4039221084?position=47&pageNum=0&refId=mI98AQdfRUylra%2FVYt2Tqw%3D%3D&trackingId=6E4ji%2BXWt3aHjVbdV49RAA%3D%3D
Eligibility Specialist - Remote,HOMELAND LLC,United States,Medical insurance +4 benefits,N/A,https://www.linkedin.com/jobs/view/eligibility-specialist-remote-at-homeland-llc-4039217201?position=48&pageNum=0&refId=mI98AQdfRUylra%2FVYt2Tqw%3D%3D&trackingId=Sc6DYlFOSGBAOpI5honzPQ%3D%3D
Data Entry Clerk,Setup Winks,"Las Vegas, NV",Be an early applicant,N/A,https://www.linkedin.com/jobs/view/data-entry-clerk-at-setup-winks-4038999811?position=49&pageNum=0&refId=mI98AQdfRUylra%2FVYt2Tqw%3D%3D&trackingId=uTB47hkz0HyLdPnYheQY8g%3D%3D
Remote Assistant - Administrative,Get.It Recruit - Administrative,"Rancho Cucamonga, CA",Be an early applicant,N/A,https://www.linkedin.com/jobs/view/remote-assistant-administrative-at-get-it-recruit-administrative-4038996355?position=50&pageNum=0&refId=mI98AQdfRUylra%2FVYt2Tqw%3D%3D&trackingId=U5PFJ4S3moNn%2BtXsEN9MmA%3D%3D
Graphic Designer,Maxonic,"Pleasanton, CA",Actively Hiring,N/A,https://www.linkedin.com/jobs/view/graphic-designer-at-maxonic-4036990429?position=51&pageNum=0&refId=mI98AQdfRUylra%2FVYt2Tqw%3D%3D&trackingId=9zFD0Wk%2Bqqrh%2F%2BU1b4OYsw%3D%3D
Senior Manager of Continuous Improvement,InProduction,"Ashland, VA",Be an early applicant,N/A,https://www.linkedin.com/jobs/view/senior-manager-of-continuous-improvement-at-inproduction-4039223468?position=52&pageNum=0&refId=mI98AQdfRUylra%2FVYt2Tqw%3D%3D&trackingId=wVzMOKMAho6%2FhEdL2keK8Q%3D%3D
Graduate Digital Marketing Specialist,Renesas Electronics,"San Jose, CA",Be an early applicant,N/A,https://www.linkedin.com/jobs/view/graduate-digital-marketing-specialist-at-renesas-electronics-4039212573?position=53&pageNum=0&refId=mI98AQdfRUylra%2FVYt2Tqw%3D%3D&trackingId=SV5792nPuZAjH4n1%2FbI62Q%3D%3D
Learning Process Specialist Senior,Progressive Insurance,United States,Be an early applicant,N/A,https://www.linkedin.com/jobs/view/learning-process-specialist-senior-at-progressive-insurance-4039214671?position=54&pageNum=0&refId=mI98AQdfRUylra%2FVYt2Tqw%3D%3D&trackingId=oNF%2Fcc696RmGQh0r8zvqNQ%3D%3D
Vice President of Professional Services,The Talent Source Inc,United States,Medical insurance +3 benefits,N/A,https://www.linkedin.com/jobs/view/vice-president-of-professional-services-at-the-talent-source-inc-4039210444?position=55&pageNum=0&refId=mI98AQdfRUylra%2FVYt2Tqw%3D%3D&trackingId=Co9g%2BnP078CZAXRCI6C9sA%3D%3D
Entry Level Marketing Assistant,Hype Tier,"New York, NY",Be an early applicant,N/A,https://www.linkedin.com/jobs/view/entry-level-marketing-assistant-at-hype-tier-4038998872?position=56&pageNum=0&refId=mI98AQdfRUylra%2FVYt2Tqw%3D%3D&trackingId=3yK2Hbhvshnrdtj3xTOfpQ%3D%3D
"Managing Director, New Sales",Scholarus Learning,United States,Medical insurance +5 benefits,N/A,https://www.linkedin.com/jobs/view/managing-director-new-sales-at-scholarus-learning-4038999566?position=57&pageNum=0&refId=mI98AQdfRUylra%2FVYt2Tqw%3D%3D&trackingId=tSZgx57EFMR98ztUvJMrhg%3D%3D
Private Equity Associate,Selby Jennings,"Miami, FL",Be an early applicant,N/A,https://www.linkedin.com/jobs/view/private-equity-associate-at-selby-jennings-4036994058?position=58&pageNum=0&refId=mI98AQdfRUylra%2FVYt2Tqw%3D%3D&trackingId=DCADrM0s8htfBJxBeOwaMA%3D%3D
ECommerce Manager,SBH Fashion,"New York, NY",Be an early applicant,N/A,https://www.linkedin.com/jobs/view/ecommerce-manager-at-sbh-fashion-4039213327?position=59&pageNum=0&refId=mI98AQdfRUylra%2FVYt2Tqw%3D%3D&trackingId=LCqrEP2aOKZ4RtPdKzjLKQ%3D%3D
Remote Career Coach for In-School Youth | WFH,Get It Recruit - Educational Services,"Glen Burnie, MD",Be an early applicant,N/A,https://www.linkedin.com/jobs/view/remote-career-coach-for-in-school-youth-wfh-at-get-it-recruit-educational-services-4038997231?position=1&pageNum=2&refId=GHNxC836RnUZpRxD8rZoWg%3D%3D&trackingId=VMMXko97cqwtOCD%2BkwGztg%3D%3D
Healthcare Mental/ Behavior Customer Service,Cigna Healthcare,United States,Be an early applicant,N/A,https://www.linkedin.com/jobs/view/healthcare-mental-behavior-customer-service-at-cigna-healthcare-4039218560?position=2&pageNum=2&refId=GHNxC836RnUZpRxD8rZoWg%3D%3D&trackingId=9zdBjS0c4eO4zXRDE%2BzqeQ%3D%3D
Executive Assistant,Motion Recruitment,"New York, NY",Be an early applicant +5 benefits,N/A,https://www.linkedin.com/jobs/view/executive-assistant-at-motion-recruitment-4039221931?position=3&pageNum=2&refId=GHNxC836RnUZpRxD8rZoWg%3D%3D&trackingId=7r4cYMEkDVazfC9tSTBv6A%3D%3D
Remote Assistant - Administrative,Get.It Recruit - Administrative,"Adrian, TX",Be an early applicant,N/A,https://www.linkedin.com/jobs/view/remote-assistant-administrative-at-get-it-recruit-administrative-4038996256?position=4&pageNum=2&refId=GHNxC836RnUZpRxD8rZoWg%3D%3D&trackingId=B7M67LQN94fdqjdXFmli4w%3D%3D
Technical Support Specialist,"Anveta, Inc","Atlanta, GA",Be an early applicant,N/A,https://www.linkedin.com/jobs/view/technical-support-specialist-at-anveta-inc-4039215589?position=5&pageNum=2&refId=GHNxC836RnUZpRxD8rZoWg%3D%3D&trackingId=Axh98uj9%2BJUmZ0NsNOxuUQ%3D%3D
Director of Plant Operations,Georgetown Behavioral Health Institute,"Georgetown, TX",Be an early applicant,3 weeks ago,https://www.linkedin.com/jobs/view/director-of-plant-operations-at-georgetown-behavioral-health-institute-4039210863?position=6&pageNum=2&refId=GHNxC836RnUZpRxD8rZoWg%3D%3D&trackingId=GyuEjTEuBGYFKHT0D9EcVw%3D%3D
Community Manager,Stealth Startup,United States,Actively Hiring,N/A,https://www.linkedin.com/jobs/view/community-manager-at-stealth-startup-4039211811?position=7&pageNum=2&refId=GHNxC836RnUZpRxD8rZoWg%3D%3D&trackingId=90SFcHRCjAj6NKD66oGnHg%3D%3D
Chief Strategy Officer,Augment Jobs,United States,Be an early applicant,N/A,https://www.linkedin.com/jobs/view/chief-strategy-officer-at-augment-jobs-4039209860?position=8&pageNum=2&refId=GHNxC836RnUZpRxD8rZoWg%3D%3D&trackingId=h%2Fg4JsGcsLTzwfhrjnSfyw%3D%3D
Remote Virtual Assistant for Yoga Studio,Get.It Recruit - Administrative,"Rancho Cucamonga, CA",Be an early applicant,N/A,https://www.linkedin.com/jobs/view/remote-virtual-assistant-for-yoga-studio-at-get-it-recruit-administrative-4038995730?position=9&pageNum=2&refId=GHNxC836RnUZpRxD8rZoWg%3D%3D&trackingId=mg3vfmhVr22HjOF%2BRvvTVQ%3D%3D
Remote Customer Service Chat Representative,Get.It Recruit - Administrative,"San Diego, CA",Be an early applicant,N/A,https://www.linkedin.com/jobs/view/remote-customer-service-chat-representative-at-get-it-recruit-administrative-4038995698?position=10&pageNum=2&refId=GHNxC836RnUZpRxD8rZoWg%3D%3D&trackingId=0JR7nnvdzf5OrVFR17qaTA%3D%3D
